create table ineuron( s_no int,name varchar(30))
insert into ineuron values(1,'suraj')
insert into ineuron values(2,'akash')
insert into ineuron values (3,'ashish')
insert into ineuron values (4,'arsh')
select * from ineuron order by s_no desc
create table STUDIES(PNAME varchar(20),INSTITUTE varchar(20),COURSE varchar(10),COURSE_FEE int)
insert into STUDIES values('ALTAF','COIT','DCA',7200)
insert into STUDIES values('JULIANA','BDPS','MCA',22000)
insert into STUDIES values('KAMALA','PRAGATHI','DCA',5000)
insert into STUDIES values('MARY','SABHARI','PGDCA',4500)
insert into STUDIES values('NELSON','PRAGATHI','DAP',6200)
insert into STUDIES values('PATRICK','PRAGATHI','DCAP',5200)
insert into STUDIES values('QADIR','APPLE','HDCA',14000)
insert into STUDIES values('RAMESH','SABHARI','PGDCA',4500)
insert into STUDIES values('REBECCA','BRILLIANT','DCAP',11000)
insert into STUDIES values('REMITHA','BDPS','DCS',6000)
insert into STUDIES values('REVATHI','SABHARI','DAP',5000)
insert into STUDIES values('VIJAYA','BDPA','DCA',48000)
select *  from STUDIES
create table SOFTWARE (PNAME varchar(30),TITLE varchar(30),DEVELOPIN varchar(20),SCOST float,DCOST int, SOLD int)
insert into SOFTWARE values('MARY','README','CPP',300,1200,84)
insert into SOFTWARE values('ANAND','PARACHUTES','BASIC',399.95,6000,43)
insert into SOFTWARE values('ANAND','VIDEO TITLING','PASCAL',7500,16000,9)
insert into SOFTWARE values('JULIANA','Inventory','COBOL',3000,3500,0)
insert into SOFTWARE values('KAMALA','Payroll PKG','DBASE',9000,20000,7)
insert into SOFTWARE values('MARY','FINANCIAL ACCT.','ORACLE',18000,85000,4)
insert into SOFTWARE values('MARY','CODE GENERATOR','C',4500,20000,23)
insert into SOFTWARE values('PATTRICK','README','CPP',300,1200,84)
insert into SOFTWARE values('QADIR','BOMBS AWAY','ASSEMBLY',750,3000,11)
insert into SOFTWARE values('QADIR','VACCINES','C',1900,3100,21)
insert into SOFTWARE values('RAMESH','HOTEL MGMT.','DBASE',13000,35000,4)
insert into SOFTWARE values('RAMESH','DEAD LEE','PASCAL',599.95,4500,73)
insert into SOFTWARE values('REMITHA','PC UTILITIES','C',725,5000,51)
insert into SOFTWARE values('REMITHA','TSR HELP PKG.','ASSEMBLY',2500,6000,7)
insert into SOFTWARE values('REVATHI','HOSPITAL MGMT.','PASCAL',1100,75000,2)
insert into SOFTWARE values('VIJAYA','TSR EDITOR','C',900,700,6)
create table PROGRAMMER (PNAME varchar(20),DOB date,DOJ date, GENDER varchar(20),PROF1 varchar(20),PROF2 varchar(20),SALARY int)
insert into PROGRAMMER values('ANAND','12-Apr-66','21-Apr-92','M','PASCAL','BASIC',3200)
create table PROGRAMMER (PNAME varchar(20),DOB varchar(20),DOJ varchar(20), GENDER varchar(20),PROF1 varchar(20),PROF2 varchar(20),SALARY int)
insert into PROGRAMMER values('ALTAF','02-Jul-64','13-Nov-90','M','CLIPPER','COBOL',2800)
insert into PROGRAMMER values('JULIANA','31-jan-60','21-Apr-90','F','COBOL','DBASE',3000)
insert into PROGRAMMER values('KAMALA','30-Oct-68','02-Jan-92','F','C','DBASE',2900)
insert into PROGRAMMER values('MARY','24-Jun-70','01-Feb-91','F','CPP','ORACLE',4500)
insert into PROGRAMMER values('NELSON','11-Sep-85','11-Oct-89','M','COBOL','DBASE',2500)
insert into PROGRAMMER values('PATTRICK','10-Nov-65','21-Apr-90','M','PASCAL','CLIPPER',2800)
insert into PROGRAMMER values('QADIR','31-Aug-65','21-Apr-91','M','ASSEMBLY','C',3000)
insert into PROGRAMMER values('RAMESH','03-May-67','28-Feb-91','M','PASCAL','DBASE',3200)
insert into PROGRAMMER values('REBECCA','01-Jan-67','01-Dec-90','F','BASIC','COBOL',2500)
insert into PROGRAMMER values('REMITHA','19-Apr-70','20-Apr-93','F','C','ASSEMBLY',3600)
insert into PROGRAMMER values('REVATHI','02-Dec-69','02-Jan-92','F','PASCAL','BASIC',3700)
insert into PROGRAMMER values('VIJAYA','14-Dec-65','02-May-92','F','FOXPRO','C',3500)
select * from PROGRAMMER


create table LOCATION(Location_ID int Primary key,City varchar(10))
insert into LOCATION values(122,'New York')
insert into LOCATION values(123,'Dallas')
insert into LOCATION values(124,'Chicago')
insert into LOCATION values(167,'Boston')


Create table DEPARTMENT (Department_ID int primary key,Name varchar(30),Location_ID int, Foreign key(Location_ID) references LOCATION(Location_ID))
insert into DEPARTMENT values (10,'Accounting',122)
insert into DEPARTMENT values (20,'Sales',124)
insert into DEPARTMENT values (30,'Research',123)
insert into DEPARTMENT values (40,'Operations',167)

create table JOB (Job_ID int primary key, Designation varchar(30))
insert into JOB values(667,'Clerk')
insert into JOB values(668,'Staff')
insert into JOB values(669,'Analyst')
insert into JOB values(670,'Sales Person')
insert into JOB values(671,'Manager')
insert into JOB values(672,'President')

create table Employee (Employee_ID int,Last_Name varchar(20),First_Name varchar(30),Middle_Name varchar(30),Job_ID int,Manager_ID int, Hire_Date varchar(30),Salary int, Comm int,Department_ID int, Foreign key(Job_ID) references JOB(Job_ID),Foreign key(Department_ID) references DEPARTMENT(Department_ID))
insert into Employee (Employee_ID,Last_Name,First_Name,Middle_Name,Job_ID,Manager_ID,Hire_Date,Salary,Department_ID) values(7369,'SMITH','JOHN','Q',667,7902,'17-DEC-84',800,20)
select * from Employee
insert into Employee (Employee_ID,Last_Name,First_Name,Middle_Name,Job_ID,Manager_ID,Hire_Date,Salary,Comm,Department_ID) values(7499,'ALLEN','KEVIN','J',670,7698,'20-FEB-85',1600,300,30)
insert into Employee (Employee_ID,Last_Name,First_Name,Middle_Name,Job_ID,Manager_ID,Hire_Date,Salary,Department_ID) values(7505,'DOYLE','JEAN','K',671,7839,'04-APR-85',2850,30)
insert into Employee (Employee_ID,Last_Name,First_Name,Middle_Name,Job_ID,Manager_ID,Hire_Date,Salary,Department_ID) values(7506,'DENNIS','LYNN','S',671,7839,'15-MAY-85',2750,30)
insert into Employee (Employee_ID,Last_Name,First_Name,Middle_Name,Job_ID,Manager_ID,Hire_Date,Salary,Department_ID) values(7507,'BAKER','LESLIE','D',671,7839,'10-JUN-85',2200,40)
insert into Employee (Employee_ID,Last_Name,First_Name,Middle_Name,Job_ID,Manager_ID,Hire_Date,Salary,Comm,Department_ID) values(7521,'WARK','CYNTHIA','D',670,7698,'22-FEB-85',1250,500,30)

create table col12(PNAME varchar(20),INSTITUTE varchar(20),COURSE varchar(10),COURSE_FEE int,id int )
insert into col12 values('ALTAF','COIT','DCA',7200,1)
insert into col12 values('JULIANA','BDPS','MCA',7200,2)
insert into col12 values('KAMALA','PRAGATHI','DCA',7200,3)
insert into col12 values('MARY','SABHARI','PGDCA',7200,4)


create table EMPLOYEE_TABLE(Employee_id int primary key,First_name Varchar(30),Last_name varchar(30),Salary int,Joining_date datetime, Department varchar(10) )
insert into EMPLOYEE_TABLE values (1,'Anika','Arora',100000,'2020-02-14 09:00:00','HR')

insert into EMPLOYEE_TABLE values (2,'Veena','Verma',80000,'2011-06-15 09:00:00','Admin')
insert into EMPLOYEE_TABLE values (3,'Vishal','Singhal',300000,'2020-02-16 09:00:00','HR')
insert into EMPLOYEE_TABLE values (4,'Sushanth','Singh',500000,'2020-02-17 09:00:00','Admin')
insert into EMPLOYEE_TABLE values (5,'Bhupal','Bhati',500000,'2011-06-18 09:00:00','Admin')
insert into EMPLOYEE_TABLE values (6,'Dheeraj','Diwan',200000,'2011-06-19 09:00:00','Account')
insert into EMPLOYEE_TABLE values (7,'Karan','Kumar',75000,'2020-01-14 09:00:00','Account')
insert into EMPLOYEE_TABLE values (8,'Chandrika','Chauhan',90000,'2011-04-15 09:00:00','Admin')
Select * from EMPLOYEE_TABLE

create table BONUS_TABLE(Employee_ref_id int, Bonus_Amount int, Bonus_Date datetime, Foreign key(Employee_ref_id) references EMPLOYEE_TABLE(Employee_id))
insert into BONUS_TABLE values (1,5000,'2020-02-16 0:00:00')
insert into BONUS_TABLE values (2,3000,'2011-06-16 0:00:00')
insert into BONUS_TABLE values (3,4000,'2020-02-16 0:00:00')
insert into BONUS_TABLE values (1,4500,'2020-02-16 0:00:00')
insert into BONUS_TABLE values (2,3500,'2011-06-16 0:00:00')

create table TITLE_TABLE(Employee_ref_id int,Employee_title varchar(30),Affective_Date datetime)
insert into TITLE_TABLE values (1,'Manager','2016-02-20 0:00:00')
insert into TITLE_TABLE values (2,'Executive','2016-06-11 0:00:00')
insert into TITLE_TABLE values (8,'Executive','2016-06-11 0:00:00')
insert into TITLE_TABLE values (5,'Manager','2016-06-11 0:00:00')
insert into TITLE_TABLE values (4,'Asst. Manager','2016-06-11 0:00:00')
insert into TITLE_TABLE values (7,'Executive','2016-06-11 0:00:00')
insert into TITLE_TABLE values (6,'Lead','2016-06-11 0:00:00')
insert into TITLE_TABLE values (3,'Lead','2016-06-11 0:00:00')

